{
      "epoch": [
            0,
            1,
            2,
            3,
            4,
            5,
            6,
            7,
            8
      ],
      "train_loss": [
            0.00183021393318971,
            0.000806065455575784,
            0.0007058827518175045,
            0.0006628951696058114,
            0.0006372981564452251,
            0.0006161881561080615,
            0.0006006339207291603,
            0.000588001374900341,
            0.0005783583174770077
      ],
      "val_loss": [
            0.0009042708471417427,
            0.0007507377028465271,
            0.0006839589796960354,
            0.0006537934094667435,
            0.0006254625082015991,
            0.0006040725886821747,
            0.0005946641147136689,
            0.0005911499433219433,
            0.0005684689700603485
      ]
}