{
      "epoch": [
            0,
            1,
            2,
            3,
            4,
            5,
            6,
            7,
            8,
            9,
            10,
            11,
            12,
            13,
            14,
            15,
            16,
            17,
            18,
            19,
            20,
            21,
            22,
            23,
            24
      ],
      "train_loss": [
            211.2900505533854,
            149.2800179361979,
            139.2295529785156,
            138.00680844726563,
            137.68094365234376,
            137.55013763020833,
            137.47602972005208,
            137.42211201171875,
            137.40073069661457,
            137.38164978841147,
            137.35745563151042,
            137.3564625,
            137.34224964192708,
            137.34989222005208,
            137.31570159505208,
            136.74561848958334,
            136.7228789876302,
            136.72858017578125,
            136.72868427734375,
            136.72826585286458,
            136.73251201171874,
            136.73819936523438,
            136.73234462890625,
            136.7348894856771,
            136.73479791666668
      ],
      "val_loss": [
            167.21974262695312,
            139.96964143066407,
            137.5275038330078,
            137.3066014038086,
            136.94693806152344,
            136.872828125,
            136.6877204589844,
            136.75812237548828,
            136.62640714111328,
            136.70086840820312,
            136.73185959472656,
            136.7213270263672,
            136.5632696533203,
            136.71394660644532,
            136.41535350341798,
            135.95472697753905,
            135.9458259765625,
            135.97101391601564,
            135.94285428466796,
            135.95355405273438,
            135.95321547851563,
            135.9297543701172,
            135.94128740234376,
            135.97475317382813,
            135.95756882324218
      ]
}