{
      "epoch": [
            0,
            1,
            2,
            3,
            4,
            5,
            6,
            7,
            8,
            9,
            10,
            11,
            12,
            13,
            14,
            15,
            16,
            17,
            18,
            19,
            20,
            21,
            22,
            23,
            24,
            25,
            26,
            27,
            28,
            29,
            30,
            31,
            32,
            33,
            34,
            35,
            36,
            37,
            38,
            39,
            40,
            41,
            42,
            43,
            44,
            45,
            46,
            47,
            48,
            49,
            50,
            51,
            52,
            53,
            54,
            55,
            56,
            57,
            58,
            59,
            60,
            61,
            62,
            63,
            64,
            65,
            66,
            67,
            68,
            69,
            70,
            71,
            72,
            73,
            74,
            75,
            76,
            77,
            78,
            79,
            80,
            81,
            82,
            83,
            84,
            85,
            86,
            87,
            88,
            89,
            90,
            91,
            92,
            93,
            94,
            95,
            96,
            97,
            98,
            99
      ],
      "train_loss": [
            0.0012133759109924237,
            0.0007814265061169863,
            0.0007270327387998501,
            0.0006982223652303219,
            0.0006748066061486801,
            0.0006664644065002601,
            0.0006549626417458057,
            0.0006492700145890316,
            0.0006352493170648814,
            0.0006233652470012506,
            0.0006181300626446803,
            0.0006150912117213011,
            0.0006095554772764444,
            0.000603472501039505,
            0.0005944955387463172,
            0.0005922249468664328,
            0.0005929813864330451,
            0.0005890045279016098,
            0.000582265255972743,
            0.0005819276058425506,
            0.0005772398389875888,
            0.0005759328660865625,
            0.000571968154112498,
            0.0005739267261077961,
            0.0005730742514754335,
            0.0005717686723917723,
            0.0005680126411219437,
            0.0005614500453074773,
            0.0005662031941736738,
            0.0005604420217374961,
            0.0005582164593661825,
            0.0005606911407162746,
            0.0005568065167094271,
            0.0005577666003257037,
            0.0005542270019029577,
            0.0005531084602077802,
            0.0005520166111489137,
            0.0005500464744245013,
            0.0005522501061980923,
            0.000550059269927442,
            0.0005486694357047479,
            0.0005474431972329816,
            0.0005459874020889401,
            0.0005469950030868252,
            0.0005443167315175135,
            0.0005408045620967944,
            0.000542367447912693,
            0.0005423485994959871,
            0.0005407508685564002,
            0.0005400932725518942,
            0.0005382257002716263,
            0.000541207019239664,
            0.0005367451627428332,
            0.0005400377249345184,
            0.0005374279583493869,
            0.0005344899378716946,
            0.0005389840241521597,
            0.0005324232281496128,
            0.0005343127835541964,
            0.0005329839744915565,
            0.0005322710847482085,
            0.0005315434545278549,
            0.0005332624652733405,
            0.0005317753085245689,
            0.0005302912308524052,
            0.000531756460480392,
            0.0005305560930321614,
            0.0005293823452666402,
            0.0005307688648502032,
            0.000530576731885473,
            0.0005282171205927928,
            0.0005285784687846899,
            0.0005254185456782579,
            0.0005287925699104866,
            0.0005301840959737698,
            0.0005288802026460569,
            0.0005259506783137719,
            0.0005257673262928923,
            0.0005225377946471174,
            0.0005239697052165866,
            0.0005246325650562842,
            0.0005210966754704714,
            0.0005227363813047608,
            0.0005220325727636616,
            0.0005248811952769756,
            0.0005257878587891659,
            0.0005233865005274614,
            0.000524711672651271,
            0.0005203861195594073,
            0.0005214820626502235,
            0.0005216404929136236,
            0.0005197235786666473,
            0.0005187302386388182,
            0.0005216247447455923,
            0.000519996562289695,
            0.0005186338841294248,
            0.0005221767410635948,
            0.0005197785205518205,
            0.0005224429926524559,
            0.0005178958088159561
      ],