{
      "epoch": [
            0,
            1,
            2,
            3,
            4,
            5,
            6,
            7,
            8,
            9,
            10,
            11,
            12,
            13,
            14,
            15,
            16,
            17,
            18,
            19,
            20,
            21,
            22,
            23,
            24
      ],
      "train_loss": [
            0.0009106149303416411,
            0.0005483304093281428,
            0.00048025529757142065,
            0.0004534622268130382,
            0.00043794465735554696,
            0.00042788748033344745,
            0.0004205273525168498,
            0.0004155773350348075,
            0.00041015924314657845,
            0.00040628889116148156,
            0.00040319122187793254,
            0.00040059493159254393,
            0.0003984844483435154,
            0.0003960390588889519,
            0.00039443717735509077,
            0.00039332889517148335,
            0.0003917078455289205,
            0.00039033996959527334,
            0.0003893294428785642,
            0.00038839221683641275,
            0.0003876822917411725,
            0.00038690397292375563,
            0.00038600356876850126,
            0.0003853955316046874,
            0.00038431669771671296
      ],
      "val_loss": [
            0.000629798024892807,
            0.0005065262407064438,
            0.00047254047989845276,
            0.00045653168186545373,
            0.0004447474256157875,
            0.00043752764388918877,
            0.0004323145627975464,
            0.0004324221596121788,
            0.00042278709411621096,
            0.00042461633607745173,
            0.00042234934121370316,
            0.00041926450431346894,
            0.00041921428218483924,
            0.00041802258118987085,
            0.00041659495681524276,
            0.00041503227949142454,
            0.00041694610565900803,
            0.0004147072657942772,
            0.0004151575319468975,
            0.0004146242901682854,
            0.000415026567876339,
            0.0004173637770116329,
            0.0004126575715839863,
            0.00041554365679621696,
            0.00041423152312636377
      ]
}